"","Estimate","X95..CI.Lower","X95..CI.Upper","p.value"
"ACME",0.816760712644721,0.734556288489445,0.902847371249006,0
"ADE",0.134243863086189,0.116687680207316,0.153108943112856,0
"Total Effect",0.95100457573091,0.867359841019385,1.04203800949708,0
"Prop. Mediated",0.85904166911388,0.836211930446447,0.878875695985276,0
