"","Estimate","Std..Error","t.value","Pr...t.."
"GF",-1.05296735508367,0.0531397412294332,-19.81506365523,6.3469089271987e-80
"GM",-0.0308973884673973,0.0177132470764777,-1.74430968720735,0.0812588757128787
