"","Estimate","Std..Error","t.value","Pr...t.."
"X",0.801369030636812,0.00331930143391493,241.427013060288,0
"GF",-0.230648670687098,0.0120530256165418,-19.1361636509385,4.46556925653416e-75
"GM",-0.0840860284051565,0.00351375904862414,-23.9305049781605,1.79811937419853e-111
"RW",0.111279715921154,0.0158055788564166,7.04053403751032,2.62427383740198e-12
"GM:RW",-0.0269700735121076,0.0166676994967566,-1.61810413712797,0.105798234449776
