"","Estimate","X95..CI.Lower","X95..CI.Upper","p.value"
"ACME",0.87608158295447,0.780327928155094,0.965191623972647,0
"ADE",0.151036547723495,0.133787896692681,0.168020296020776,0
"Total Effect",1.02711813067797,0.930912354059522,1.11514474373254,0
"Prop. Mediated",0.85237406685721,0.832832273620667,0.872261938671512,0
