"","Estimate","Std..Error","t.value","Pr...t.."
"GF",-1.09106449466981,0.0534403121389646,-20.4165067717537,2.64578384488872e-84
"GM",0.00430308265876176,0.0178134373796548,0.241563858061242,0.809142918192436
