"","Estimate","Std..Error","t.value","Pr...t.."
"X",0.800758748920747,0.00330014434363331,242.643552990518,0
"GF",-0.239576394996305,0.0109855202417718,-21.8083795508683,9.55975243456204e-95
"GM",-0.0776736073001024,0.0035536532529464,-21.8573962543199,4.02277465063237e-95
"RW",0.103351734563141,0.0159716891244325,6.47093327186286,1.22216246272633e-10
"GM:RW",-0.0247359739973195,0.016820791400976,-1.47055946463282,0.141567988540499
