"","Estimate","X95..CI.Lower","X95..CI.Upper","p.value"
"ACME",0.791269724066342,0.704402175433386,0.874350591397783,0
"ADE",0.151275637422403,0.133466637575957,0.168872595385057,0
"Total Effect",0.942545361488745,0.855202505727634,1.02548576249797,0
"Prop. Mediated",0.839452111177111,0.816929472608915,0.860516772660236,0
