"","Estimate","Std..Error","t.value","Pr...t.."
"X",0.795047753198577,0.00339184478214684,234.399804313969,0
"GF",-0.270134543918749,0.0113294578391941,-23.8435543653486,9.06684979598903e-111
"GM",-0.0851015914729723,0.00354249484666198,-24.0230671198186,3.20102303981773e-112
"RW",0.157964236887818,0.0158251984620487,9.98181711696325,6.25345645963109e-23
"GM:RW",-0.0747634398214341,0.0166874219680941,-4.48022708147369,7.87850157571863e-06
