"","Estimate","Std..Error","t.value","Pr...t.."
"GF",-0.994465794651782,0.0520723068737222,-19.0977864119485,8.15029212522498e-75
"GM",0.000333968106788654,0.017357435624574,0.0192406363481385,0.984651061608903
