"","Estimate","X95..CI.Lower","X95..CI.Upper","p.value"
"ACME",0.773627311897044,0.68982321319645,0.861973310354498,0
"ADE",0.152735792179082,0.134041442811726,0.170968804885604,0
"Total Effect",0.926363104076126,0.838392463017313,1.01685657156815,0
"Prop. Mediated",0.834543004881689,0.812434150368978,0.857850468169758,0
