"","Estimate","Std..Error","t.value","Pr...t.."
"GF",-0.953615542185222,0.0529934395578295,-17.9949735314799,3.23864784261412e-67
"GM",0.0133977926552355,0.0176644798526098,0.758459505574182,0.448265402278712
