"","Estimate","Std..Error","t.value","Pr...t.."
"X",0.799457276568103,0.00350772596257715,227.91326491786,0
"GF",-0.250590754043592,0.0122712069065858,-20.4210356773549,2.51371949303304e-84
"GM",-0.0804820525840771,0.00371167021153828,-21.6835138892153,8.62457006535697e-94
"RW",0.116527081268221,0.016615290597128,7.01324364969958,3.17588297101532e-12
"GM:RW",-0.0388318177896463,0.0175168110343507,-2.21683146056074,0.0267469896519011
