"","Estimate","Std..Error","t.value","Pr...t.."
"GF",-1.03589342114872,0.0530914115887382,-19.5115064781674,9.55198231987383e-78
"GM",-0.0152254755217189,0.017697137196246,-0.860335508104024,0.389707346325554
