"","Estimate","Std..Error","t.value","Pr...t.."
"X",0.798378906851982,0.00333629517913037,239.301040221532,0
"GF",-0.239169399187762,0.010895478519151,-21.9512524179065,7.64340275600045e-96
"GM",-0.0811487901769651,0.00356876570427733,-22.7386152247833,5.75559508185837e-102
"RW",0.133158351032015,0.0160409072182696,8.30117332019451,1.87568942931084e-16
"GM:RW",-0.0547376209451478,0.0168949253497546,-3.23988533905791,0.00121544589327778
