"","Estimate","X95..CI.Lower","X95..CI.Upper","p.value"
"ACME",0.814612008194984,0.724813944298933,0.899906540568934,0
"ADE",0.133241629006465,0.114721400134735,0.151541871405181,0
"Total Effect",0.947853637201449,0.859286006580752,1.03477005493834,0
"Prop. Mediated",0.859591698325078,0.836437023579844,0.879941639895453,0
