"","Estimate","Std..Error","t.value","Pr...t.."
"GF",-0.919515654097127,0.054168190653124,-16.9751960146761,1.76897980358961e-60
"GM",-0.020754301945224,0.0180560635510413,-1.14943669125639,0.250513529483396
