"","Estimate","X95..CI.Lower","X95..CI.Upper","p.value"
"ACME",0.713715271684276,0.628109408637167,0.798039376608942,0
"ADE",0.126801616147416,0.109539930998047,0.144695620495417,0
"Total Effect",0.840516887831692,0.754120071558861,0.924779506906776,0
"Prop. Mediated",0.849521861448904,0.823181392558515,0.871967116444149,0
