"","Estimate","Std..Error","t.value","Pr...t.."
"X",0.796896166078709,0.00326410266815273,244.139430372054,0
"GF",-0.225583180134593,0.0107004028232499,-21.0817465342936,3.10314957990791e-89
"GM",-0.0848216875183364,0.00356834708887795,-23.7705821226624,3.51596586874e-110
"RW",0.117051531573281,0.0160991688326931,7.27065681400774,5.11270670349051e-13
"GM:RW",-0.0302681163041045,0.016946549547292,-1.78609316425368,0.0742360044042781
