"","Estimate","Std..Error","t.value","Pr...t.."
"X",0.805190313254284,0.00349644550084504,230.288249326261,0
"GF",-0.194308242084597,0.0113538084190108,-17.1139264389249,2.25928101314606e-61
"GM",-0.0765502372261014,0.00364460247508392,-21.0037274982476,1.19289379623667e-88
"RW",0.0870906253098667,0.0163473236965189,5.32751580177081,1.10805671022437e-07
"GM:RW",-0.00784550570967286,0.01722177910663,-0.455557213984502,0.648757993472711
