"","Estimate","X95..CI.Lower","X95..CI.Upper","p.value"
"ACME",0.879837120796713,0.794568253777215,0.96542749113181,0
"ADE",0.113862716948825,0.0963642194286851,0.132250541974176,0
"Total Effect",0.993699837745537,0.908506882005423,1.07978713183152,0
"Prop. Mediated",0.885306361848833,0.865618549957177,0.903227060741164,0
