"","Estimate","Std..Error","t.value","Pr...t.."
"GF",-1.09980966197318,0.0517854155378,-21.2378263368456,2.01879544667054e-90
"GM",-0.0059982043352834,0.0172618051792666,-0.347484186792232,0.728264196062668
