"","Estimate","Std..Error","t.value","Pr...t.."
"X",0.801699329672333,0.00333381236597276,240.475240254983,0
"GF",-0.24993336014239,0.011164596033152,-22.3862430311174,3.28328643660763e-99
"GM",-0.0797934701247241,0.00355293080770731,-22.4584925638376,8.9795254570089e-100
"RW",0.127463296091859,0.0158947478514432,8.0192084381059,1.795733951383e-15
"GM:RW",-0.0484814408033349,0.0167555253392609,-2.89345990780337,0.00385157162234056
