"","Estimate","X95..CI.Lower","X95..CI.Upper","p.value"
"ACME",0.752798292159888,0.661925648059206,0.834932149276719,0
"ADE",0.147999378106015,0.130456407463661,0.164501554251884,0
"Total Effect",0.900797670265903,0.805834919222779,0.985007033343555,0
"Prop. Mediated",0.835869705552991,0.809324637908437,0.857822965657691,0
