"","Estimate","Std..Error","t.value","Pr...t.."
"GF",-0.939314365602854,0.0530675350703518,-17.7003579374395,3.06255875853857e-65
"GM",-0.00378010650306377,0.0176891783567839,-0.213695991233764,0.830805941338566
