"","Estimate","Std..Error","t.value","Pr...t.."
"GF",-0.980732578189582,0.0535798705725843,-18.3041236887833,2.58324126619427e-69
"GM",-0.00328650526460087,0.0178599568575281,-0.184015296947125,0.854020127870703
