"","Estimate","Std..Error","t.value","Pr...t.."
"X",0.800253202467925,0.0033101939352938,241.754174562252,0
"GF",-0.250388739751582,0.0110110897492291,-22.7396874836219,5.64500797549929e-102
"GM",-0.0836052254286905,0.00356797714401443,-23.4321079015164,1.83216648216026e-107
"RW",0.129582854532508,0.0159881710526797,8.10492045059712,9.10473548586254e-16
"GM:RW",-0.040803334660641,0.0168457481958167,-2.42217408133725,0.0155165421852427
