"","Estimate","X95..CI.Lower","X95..CI.Upper","p.value"
"ACME",0.780524412689767,0.687279356844155,0.866619407667948,0
"ADE",0.148665000523534,0.131330258092544,0.16639337764944,0
"Total Effect",0.929189413213301,0.829717164475753,1.01637198249024,0
"Prop. Mediated",0.840057931516448,0.816157660367563,0.860203866255452,0
