"","Estimate","X95..CI.Lower","X95..CI.Upper","p.value"
"ACME",0.818832558271045,0.730030578269799,0.905991512337831,0
"ADE",0.13840930544181,0.119316201429802,0.156091253074556,0
"Total Effect",0.957241863712854,0.865587825997268,1.04411877050681,0
"Prop. Mediated",0.855347006520895,0.831546885812705,0.875834665113761,0
