"","Estimate","Std..Error","t.value","Pr...t.."
"X",0.803221093026608,0.0033028534463044,243.190049478381,0
"GF",-0.238999441731984,0.0112718687178602,-21.2031782585696,3.79211375233762e-90
"GM",-0.0738320739246676,0.00352409371134171,-20.9506556783809,2.97592311935872e-88
"RW",0.132104610056152,0.0157360169907087,8.3950474973529,8.70395866682413e-17
"GM:RW",-0.0600644895593735,0.0165938662445096,-3.61968022848485,0.000302317950491274
