"","Estimate","Std..Error","t.value","Pr...t.."
"GF",-0.993666266137126,0.053170805623971,-18.6881927869295,5.89433477340987e-72
"GM",0.0300794024018277,0.017723601874657,1.6971382349114,0.0898262730276894
