"","Estimate","X95..CI.Lower","X95..CI.Upper","p.value"
"ACME",0.845793884080749,0.760699024538596,0.931584378415844,0
"ADE",0.138584187045924,0.1203418931978,0.15718487130329,0
"Total Effect",0.984378071126673,0.900015805344325,1.07249900758655,0
"Prop. Mediated",0.859466283437404,0.837679530782194,0.879085121733854,0
