"","Estimate","Std..Error","t.value","Pr...t.."
"GF",-1.07062873814605,0.0519768765989626,-20.5981738073006,1.20996079425068e-85
"GM",-0.0186135958579877,0.0173256255329875,-1.0743390374303,0.282800479763673
