"","Estimate","Std..Error","t.value","Pr...t.."
"X",0.802969047320021,0.00339838744276007,236.279429830953,0
"GF",-0.238962970320363,0.0116043108677544,-20.5926033043792,1.36573823055568e-85
"GM",-0.0874741615789138,0.00353590445298504,-24.7388363407465,4.53522456818396e-118
"RW",0.116280140772432,0.015809323605894,7.35516228721391,2.77048947688659e-13
"GM:RW",-0.0283598160172782,0.0166659696532724,-1.7016601258307,0.0889749109555665
