"","Estimate","X95..CI.Lower","X95..CI.Upper","p.value"
"ACME",0.801856318070632,0.718186320006046,0.88229182761088,0
"ADE",0.135459021911669,0.117680382990019,0.152628187485871,0
"Total Effect",0.9373153399823,0.851530235010553,1.01828621161977,0
"Prop. Mediated",0.855107661287644,0.835001602467877,0.874480618996113,0
