"","Estimate","Std..Error","t.value","Pr...t.."
"GF",-1.00811042249493,0.051258659423954,-19.6671242249426,7.35536311050819e-79
"GM",-0.00378383489406255,0.0170862198079846,-0.221455356221878,0.824760524257087
