"","Estimate","Std..Error","t.value","Pr...t.."
"X",0.797674979547953,0.00347905916100798,229.278935089119,0
"GF",-0.239107417029054,0.0112717753517098,-21.2129331510129,3.20185196460696e-90
"GM",-0.0774009113709433,0.00358431202807948,-21.594356396593,4.12836732059276e-93
"RW",0.13290049050863,0.0160385118341961,8.28633553303053,2.11618820709542e-16
"GM:RW",-0.0585094166107969,0.0169045803682478,-3.46115758783911,0.000549180130050489
