"","Estimate","X95..CI.Lower","X95..CI.Upper","p.value"
"ACME",0.886018983308593,0.800187768102968,0.971453057598535,0
"ADE",0.152185190592238,0.133942275824115,0.169974576431818,0
"Total Effect",1.03820417390083,0.952138928928861,1.12190131914816,0
"Prop. Mediated",0.853162934965819,0.833913044683291,0.873733965280983,0
