"","Estimate","Std..Error","t.value","Pr...t.."
"GF",-1.07613217482646,0.0523230740898081,-20.5670670836231,2.05459445804828e-85
"GM",0.024683525575023,0.0174410246966026,1.41525661504459,0.157149111334227
