"","Estimate","Std..Error","t.value","Pr...t.."
"X",0.803165236188451,0.00341659144022587,235.077927882227,0
"GF",-0.244082573016623,0.0116809510463911,-20.8957791233988,7.64665731504313e-88
"GM",-0.0862615686481306,0.00358225965317986,-24.0802110956862,1.10095430734387e-112
"RW",0.103854485477313,0.0159927946765938,6.49382972628972,1.05332485078236e-10
"GM:RW",-0.0124308810411168,0.0168665461991204,-0.737014021386613,0.461200486350876
