"","Estimate","X95..CI.Lower","X95..CI.Upper","p.value"
"ACME",0.790735218106614,0.70200058686477,0.881062474983179,0
"ADE",0.139710295358419,0.123579874705066,0.158013161367229,0
"Total Effect",0.930445513465033,0.844368984832,1.01850200178404,0
"Prop. Mediated",0.849902862010682,0.826868186264971,0.870137274702866,0
