"","Estimate","Std..Error","t.value","Pr...t.."
"GF",-0.994988853029422,0.052292866382996,-19.0272387392587,2.5509076363262e-74
"GM",-0.00871363273009565,0.0174309554609986,-0.49989415379967,0.617204656582263
