"","Estimate","Std..Error","t.value","Pr...t.."
"X",0.800594236576868,0.00339980181756282,235.482619145954,0
"GF",-0.2350854938905,0.011686252814066,-20.1164135014728,4.25849976825121e-82
"GM",-0.0814371431646269,0.00355332880222257,-22.9185498155107,2.20267238415422e-103
"RW",0.118671333819532,0.0158933716328818,7.46671861457092,1.22175918532169e-13
"GM:RW",-0.0309273850252992,0.0167638408260749,-1.84488658334157,0.0652021768848668
