"","Estimate","X95..CI.Lower","X95..CI.Upper","p.value"
"ACME",0.83952968619231,0.754975358736425,0.929303834844254,0
"ADE",0.153759595426533,0.134242117292997,0.171999378746289,0
"Total Effect",0.993289281618843,0.905390753728379,1.0825873756927,0
"Prop. Mediated",0.844748027605276,0.823204570889686,0.865182814775512,0
