"","Estimate","Std..Error","t.value","Pr...t.."
"GF",-1.04594386037883,0.0520055993007868,-20.1121393550214,4.46565158807739e-82
"GM",0.0013852593786222,0.0173351997669289,0.079910205665176,0.93631667555737
