"","Estimate","Std..Error","t.value","Pr...t.."
"X",0.801660676435397,0.00341037764879804,235.06507460191,0
"GF",-0.262218527236856,0.0107346030162282,-24.4274079665958,1.63181776521535e-115
"GM",-0.0822443022869795,0.00358580952599094,-22.9360488031643,1.60244918357362e-103
"RW",0.141377583558639,0.0163211644921343,8.662224048215,9.37893527908162e-18
"GM:RW",-0.0571940130487294,0.0171664476785694,-3.33173258204902,0.000878824320633968
