"","Estimate","X95..CI.Lower","X95..CI.Upper","p.value"
"ACME",0.824873106123541,0.736605460433365,0.910670024627673,0
"ADE",0.12817757938825,0.109378887835169,0.146410432637115,0
"Total Effect",0.953050685511791,0.863256304018464,1.03969179650593,0
"Prop. Mediated",0.865172503034365,0.841990796052359,0.886232366708109,0
