"","Estimate","Std..Error","t.value","Pr...t.."
"GF",-1.01475096803292,0.0525852837658,-19.2972424101072,3.18731100486838e-76
"GM",0.0122457891009507,0.0175284279219333,0.698624494763021,0.484868038715719
