"","Estimate","Std..Error","t.value","Pr...t.."
"X",0.802634044744167,0.00337237278859254,238.002763946849,0
"GF",-0.236704636825969,0.0111411041249477,-21.2460662939078,1.80161875007452e-90
"GM",-0.0794574177328499,0.00355986599567787,-22.3203395378706,1.06897369289272e-98
"RW",0.144323075242444,0.0159297162830332,9.05999031484091,3.02773048853315e-19
"GM:RW",-0.0642200513739241,0.0167945639596479,-3.82385940642608,0.000135411507477599
