"","Estimate","X95..CI.Lower","X95..CI.Upper","p.value"
"ACME",0.773254391304133,0.683421017208897,0.857050379543033,0
"ADE",0.133909124435218,0.116247916422698,0.150381225270416,0
"Total Effect",0.90716351573935,0.818262312247057,0.991451672215773,0
"Prop. Mediated",0.852339623044952,0.830520662350833,0.871275910983717,0
