"","Estimate","Std..Error","t.value","Pr...t.."
"GF",-0.983903466272258,0.0521788121831996,-18.8563791528595,3.99540398129942e-73
"GM",-0.0162197434456534,0.0173929373943998,-0.93254768173177,0.351166230469377
