"","Estimate","Std..Error","t.value","Pr...t.."
"X",0.799989653370248,0.00332293915634566,240.747607985101,0
"GF",-0.220764557404889,0.011177398727962,-19.7509780923009,1.87924939417663e-79
"GM",-0.0798935453080996,0.00347393523244842,-22.9979950581263,5.19026078813972e-104
"RW",0.0974873421959313,0.0155207418841373,6.28110066668698,4.1152113851199e-10
"GM:RW",-0.0150168630435685,0.0163701805186827,-0.917330326713885,0.359080450545328
