"","Estimate","X95..CI.Lower","X95..CI.Upper","p.value"
"ACME",0.750027712585704,0.654775774716765,0.839517489318457,0
"ADE",0.140215359835049,0.122554769515685,0.157107137741596,0
"Total Effect",0.890243072420753,0.797248452365994,0.980834825873267,0
"Prop. Mediated",0.842832813227654,0.817824505938209,0.86314961026911,0
