"","Estimate","Std..Error","t.value","Pr...t.."
"GF",-0.95062309658426,0.0524900688162609,-18.1105324878097,5.35848751069013e-68
"GM",-0.0075452813463706,0.0174966896054203,-0.43124050986383,0.666340023930349
