"","Estimate","Std..Error","t.value","Pr...t.."
"X",0.796903129904406,0.00336315169098879,236.951289482311,0
"GF",-0.23592676039378,0.0114030207324403,-20.6898475351004,2.60235517796884e-86
"GM",-0.0808591796094115,0.00353532960630434,-22.8717513255964,5.15410561054629e-103
"RW",0.111604493571826,0.0157912288757753,7.06749895462757,2.17196537938315e-12
"GM:RW",-0.0325124831977987,0.0166541932838031,-1.95221003165722,0.0510529795973743
