"","Estimate","X95..CI.Lower","X95..CI.Upper","p.value"
"ACME",0.848772089344387,0.76513472932556,0.938964099725495,0
"ADE",0.129482736126628,0.110973662882822,0.147503873052912,0
"Total Effect",0.978254825471014,0.892696753077587,1.06875116716693,0
"Prop. Mediated",0.867898096597031,0.846008570928985,0.886363398560377,0
