"","Estimate","Std..Error","t.value","Pr...t.."
"GF",-1.04375009749573,0.0525529578536439,-19.8609201103864,2.96253728996667e-80
"GM",0.0166384066222949,0.0175176526178812,0.949808001404887,0.34232469122214
