"","Estimate","Std..Error","t.value","Pr...t.."
"X",0.799631646771868,0.00349160570125323,229.015448819109,0
"GF",-0.228801147866697,0.0128183375622955,-17.8495180638481,3.13023866433218e-66
"GM",-0.0863121933102042,0.00364218434204844,-23.6979200403844,1.35249433772925e-109
"RW",0.116564308625355,0.0164545242169096,7.08402789948595,1.93352949047775e-12
"GM:RW",-0.0284804666723514,0.0173530857619153,-1.64123355713814,0.100906566846697
