"","Estimate","X95..CI.Lower","X95..CI.Upper","p.value"
"ACME",0.756828049212653,0.673186204415625,0.843764985258042,0
"ADE",0.145339681038852,0.127397569730224,0.163598952817762,0
"Total Effect",0.902167730251505,0.816050632766356,0.991994248011698,0
"Prop. Mediated",0.838950291699366,0.813703260726967,0.860812252947437,0
