"","Estimate","Std..Error","t.value","Pr...t.."
"GF",-0.925892795875827,0.0517828167599996,-17.8803096047693,1.91467933700737e-66
"GM",0.0181816109788663,0.0172609389199998,1.05333846919531,0.292313259010861
