"","Estimate","Std..Error","t.value","Pr...t.."
"X",0.803185654516645,0.00351835638079585,228.284337226511,0
"GF",-0.246701755241735,0.0113004377079028,-21.831168103268,6.39351642404195e-95
"GM",-0.0832007576932897,0.00366221223969162,-22.7187154233027,8.24932023625968e-102
"RW",0.126144400145088,0.0164034443464165,7.69011662923376,2.29228445553004e-14
"GM:RW",-0.0397447315229001,0.0172886231390081,-2.29889512908778,0.0216138066900097
