"","Estimate","X95..CI.Lower","X95..CI.Upper","p.value"
"ACME",0.790736599844767,0.734528164051254,0.857760038706939,0
"ADE",0.140979715938601,0.129119836915936,0.153729812493311,0
"Total Effect",0.931716315783368,0.874049704118673,0.999050288251442,0
"Prop. Mediated",0.848925370405945,0.832096062068647,0.864094471082003,0
