"","Estimate","Std..Error","t.value","Pr...t.."
"X",0.794375156558319,0.00314128837003064,252.881958923934,0
"GF",-0.228163542201366,0.0081190199030685,-28.1023503976303,1.10928047901603e-146
"GM",-0.0697436057022946,0.00531731633374007,-13.1163168269206,9.24225435761305e-38
"RW",0.101344996277509,0.00907565329294888,11.1666888328851,3.97262236326225e-28
"GM:RW",-0.027529612222094,0.0113267705063467,-2.43049086292234,0.0151660127690626
