"","Estimate","Std..Error","t.value","Pr...t.."
"GF",-1.03525098281945,0.0306914354008012,-33.7309405474213,8.26998439292628e-198
"GM",-0.0385724510770664,0.0235205670409921,-1.63994562757954,0.10117388923294
