"","Estimate","Std..Error","t.value","Pr...t.."
"GF",-1.01135234749815,0.0304310837202897,-33.2341876744875,3.53758769833203e-193
"GM",-0.0247624126865257,0.0233210449568752,-1.06180545221348,0.288452338795701
