"","Estimate","Std..Error","t.value","Pr...t.."
"X",0.799087051413989,0.00322161246942376,248.039470606133,0
"GF",-0.24438026578685,0.00792723128417885,-30.8279469875673,5.29965114995201e-171
"GM",-0.0812498520651831,0.00551059372999751,-14.7443008949999,8.83883135060423e-47
"RW",0.122856482824253,0.00908880504688694,13.5173416296715,6.66779986645453e-40
"GM:RW",-0.0479221705929737,0.0114417148278575,-4.1883730991351,2.93198051273054e-05
