"","Estimate","X95..CI.Lower","X95..CI.Upper","p.value"
"ACME",0.788804496195292,0.728875627768164,0.846794846918969,0
"ADE",0.132764787226641,0.120364057699365,0.144409906495113,0
"Total Effect",0.921569283421933,0.85951072730853,0.981103897212609,0
"Prop. Mediated",0.855693244033563,0.841259741313053,0.870084457910757,0
