"","Estimate","X95..CI.Lower","X95..CI.Upper","p.value"
"ACME",0.76707847336173,0.703848665927497,0.826961698102073,0
"ADE",0.13495082913011,0.123407229347643,0.146820380322311,0
"Total Effect",0.902029302491841,0.836366204192657,0.964632372108969,0
"Prop. Mediated",0.850229894925893,0.834838024024834,0.864731031762702,0
