"","Estimate","Std..Error","t.value","Pr...t.."
"X",0.804438866241574,0.00319065030962153,252.123795520856,0
"GF",-0.248830608000646,0.00754595687636323,-32.9753551574191,1.01785510922336e-190
"GM",-0.09068268552842,0.00552340963686293,-16.417881614865,6.48158699851764e-57
"RW",0.13491224393625,0.00881948492954008,15.2970661001271,4.92868293921997e-50
"GM:RW",-0.0367917356129403,0.0111942928995206,-3.28665114832897,0.00103145236873978
