"","Estimate","Std..Error","t.value","Pr...t.."
"GF",-0.971138829946658,0.0302216807360775,-32.1338458448921,5.43314115550996e-183
"GM",-0.0151880339201141,0.0231605677141387,-0.65577122752662,0.512046834657438
