"","Estimate","Std..Error","t.value","Pr...t.."
"X",0.797084007686187,0.00327166957673067,243.632185033398,0
"GF",-0.239242669115162,0.00806269174328608,-29.6728036656471,1.37593503933726e-160
"GM",-0.0776620641379472,0.00538782106921917,-14.4143732949176,6.96682174616787e-45
"RW",0.113537905039977,0.00919599550019117,12.3464506955899,8.44069040673116e-34
"GM:RW",-0.0381894158060401,0.0114820309041712,-3.32601576539624,0.000896946281358341
