"","Estimate","Std..Error","t.value","Pr...t.."
"GF",-0.947065673856661,0.0298598124587181,-31.7170670501029,3.6759302439618e-179
"GM",0.00581486728204894,0.0228832477723865,0.254110226830031,0.799436550357891
