"","Estimate","X95..CI.Lower","X95..CI.Upper","p.value"
"ACME",0.757696097963058,0.696128677283801,0.812965844071719,0
"ADE",0.137358950928868,0.124036137290102,0.149742212071018,0
"Total Effect",0.895055048891926,0.833888719117264,0.95201554316864,0
"Prop. Mediated",0.846487122127172,0.829837619579093,0.861775488404653,0
