"","Estimate","Std..Error","t.value","Pr...t.."
"X",0.796074888613025,0.00322104033662495,247.148376119737,0
"GF",-0.248854036369403,0.00757914806684663,-32.834038096968,2.07933192536105e-189
"GM",-0.0795626024609962,0.00545356941552696,-14.5890876963025,6.96512704076214e-46
"RW",0.130664214341316,0.00881864960548006,14.8168053145142,3.34977343295449e-47
"GM:RW",-0.0493281058723857,0.0111554602883493,-4.42187992223895,1.03108368029021e-05
