"","Estimate","Std..Error","t.value","Pr...t.."
"GF",-0.959314255818832,0.0297679081754476,-32.2264584452753,7.61638363211779e-184
"GM",0.00525012715145663,0.0228128163693652,0.230139368434442,0.818007033370672
