"","Estimate","X95..CI.Lower","X95..CI.Upper","p.value"
"ACME",0.766575766956508,0.709448594283806,0.822732246352792,0
"ADE",0.138269795162177,0.126480520010821,0.150600666308162,0
"Total Effect",0.904845562118684,0.847465816780325,0.958898210916467,0
"Prop. Mediated",0.847111135301515,0.831732270774025,0.861712230347078,0
