"","Estimate","Std..Error","t.value","Pr...t.."
"GF",-0.98916035313491,0.0298985558139951,-33.0838840273315,8.83359460322296e-192
"GM",0.0447896367134411,0.0229129389768964,1.95477484396931,0.0507489227831134
