"","Estimate","X95..CI.Lower","X95..CI.Upper","p.value"
"ACME",0.825936014932957,0.765319541902514,0.884163982224307,0
"ADE",0.133776210875899,0.121027945069469,0.146489178084956,0
"Total Effect",0.959712225808856,0.895474922776061,1.01903831542531,0
"Prop. Mediated",0.86057588535106,0.845015024658691,0.874765251835909,0
