"","Estimate","Std..Error","t.value","Pr...t.."
"X",0.800485603105101,0.00324261873282557,246.86392976197,0
"GF",-0.23754059696509,0.00752854449948829,-31.5519948087224,1.33294281067556e-177
"GM",-0.0849013453009426,0.00559346632477084,-15.178663885926,2.49798011165724e-49
"RW",0.11229504460238,0.00884450973942272,12.6965821634913,1.41254495107806e-35
"GM:RW",-0.0304895394518304,0.0112506351881859,-2.71002827323447,0.00678533780204584
