"","Estimate","Std..Error","t.value","Pr...t.."
"X",0.800574267330213,0.00313493326580132,255.372028509697,0
"GF",-0.237352284528408,0.00768070043709054,-30.902426995098,1.11643454471179e-171
"GM",-0.0760726925435144,0.00535669649963549,-14.2014192046704,1.11929306477689e-43
"RW",0.122241476774913,0.00892084344045046,13.7029057387807,6.53108883405728e-41
"GM:RW",-0.0406922601127543,0.0111988952765337,-3.63359591352028,0.000286565472372839
