"","Estimate","X95..CI.Lower","X95..CI.Upper","p.value"
"ACME",0.812292985117019,0.751220359404909,0.874902500632901,0
"ADE",0.136087104416699,0.124111684430293,0.147656681948195,0
"Total Effect",0.948380089533717,0.887422245891285,1.01284049198123,0
"Prop. Mediated",0.856808594607463,0.840756008806988,0.870993103614658,0
