"","Estimate","Std..Error","t.value","Pr...t.."
"GF",-0.985540426431443,0.0305768285328412,-32.2316104619196,6.82742787498082e-184
"GM",0.0284748541140841,0.0234327373749627,1.21517403871511,0.224443294859812
