"","Estimate","X95..CI.Lower","X95..CI.Upper","p.value"
"ACME",0.81545455081396,0.754875130468092,0.872434975519058,0
"ADE",0.13858690587314,0.126220365213634,0.151345882874635,0
"Total Effect",0.9540414566871,0.894278719593696,1.00990277561832,0
"Prop. Mediated",0.854929860330509,0.838875735048019,0.868509888324099,0
