"","Estimate","Std..Error","t.value","Pr...t.."
"X",0.799069430312867,0.00306908859874088,260.360496155338,0
"GF",-0.235577256646895,0.00747610247576989,-31.5107045964663,3.18091362855017e-177
"GM",-0.0769233712580503,0.00532766545776302,-14.4384762646769,5.07735349408891e-45
"RW",0.110642340967111,0.00871164716080972,12.7005075991653,1.348497721045e-35
"GM:RW",-0.031951986850729,0.0109962143802055,-2.90572607498872,0.0037043939586156
