"","Estimate","Std..Error","t.value","Pr...t.."
"GF",-1.01079551378726,0.0307464353007054,-32.875209886984,7.64186941415629e-190
"GM",0.00822398026065997,0.0235627165467434,0.349025132324846,0.727107219163101
