"","Estimate","Std..Error","t.value","Pr...t.."
"X",0.792183835236379,0.00320028711730566,247.535238620503,0
"GF",-0.251237531610389,0.00771341837860822,-32.5714902626248,5.59383991175663e-187
"GM",-0.090894821837444,0.00540417124394629,-16.8193822390924,1.80787764112919e-59
"RW",0.133423689008468,0.00883439417809776,15.1027547920888,7.03430747547418e-49
"GM:RW",-0.0415230369091499,0.0111440333654067,-3.72603307506647,0.00019992664083577
