"","Estimate","X95..CI.Lower","X95..CI.Upper","p.value"
"ACME",0.808315008672667,0.746491046978968,0.86828047851064,0
"ADE",0.134293153732676,0.122392359673285,0.146636814650959,0
"Total Effect",0.942608162405343,0.880955035136774,1.00272880441357,0
"Prop. Mediated",0.857666493686975,0.841915713593639,0.872014083297891,0
