"","Estimate","Std..Error","t.value","Pr...t.."
"GF",-0.987450631514643,0.0298911262344983,-33.0349088812517,2.5181507909858e-191
"GM",0.0336278242503663,0.0229072452737391,1.46799948437786,0.142261764539915
