"","Estimate","X95..CI.Lower","X95..CI.Upper","p.value"
"ACME",0.77635804793797,0.71081326563617,0.835203519332573,0
"ADE",0.143550791920384,0.130683524108635,0.156082101483241,0
"Total Effect",0.919908839858354,0.855848220386124,0.980989195734283,0
"Prop. Mediated",0.843847213437441,0.827623738303691,0.858432137289034,0
