"","Estimate","Std..Error","t.value","Pr...t.."
"X",0.796454509804664,0.00335825984609823,237.162860024075,0
"GF",-0.246056178187167,0.00821709391480097,-29.9444281321843,5.04729270538963e-163
"GM",-0.0807638500560215,0.00561938140644917,-14.3723737924839,1.20784129022866e-44
"RW",0.11861231224993,0.00940836761664007,12.6071085955599,4.05430179544025e-35
"GM:RW",-0.0346284775656291,0.0118009480543336,-2.93438098415429,0.0033803058770338
