"","Estimate","Std..Error","t.value","Pr...t.."
"GF",-0.982166111733666,0.0300252493977439,-32.7113390041472,2.52243971267631e-188
"GM",-0.00851995909651741,0.0230100313706314,-0.37027151155438,0.711219444854523
