"","Estimate","X95..CI.Lower","X95..CI.Upper","p.value"
"ACME",0.789035713312429,0.726598476093291,0.849718015404394,0
"ADE",0.135987676007438,0.124349533079381,0.148252333398301,0
"Total Effect",0.925023389319868,0.864268330427843,0.984740556994403,0
"Prop. Mediated",0.852693326865052,0.83701926995301,0.867224983896313,0
