"","Estimate","Std..Error","t.value","Pr...t.."
"GF",-0.992447178348212,0.0309348178488234,-32.081882078577,1.63488701983276e-182
"GM",-0.00630226351865766,0.0237070846512162,-0.265838824612049,0.790390768358839
