"","Estimate","Std..Error","t.value","Pr...t.."
"X",0.799313624423599,0.00311818341089942,256.339515382465,0
"GF",-0.225115083903052,0.00806220622789174,-27.9222681161704,4.16285272831661e-145
"GM",-0.0633963153930388,0.00528712004540877,-11.9907085234599,4.87661149961374e-32
"RW",0.107437979552199,0.00913217540135871,11.7647739810401,6.08427458639214e-31
"GM:RW",-0.0408747556708416,0.0113696621031996,-3.59507215780308,0.00033217763989234
