"","Estimate","Std..Error","t.value","Pr...t.."
"X",0.798372431627901,0.00323361553061247,246.897760129412,0
"GF",-0.230661170356076,0.007921985212217,-29.1165868373951,1.25588645551206e-155
"GM",-0.0838000977546021,0.00539282446682113,-15.539185128345,1.73014991882211e-51
"RW",0.100867666700664,0.00891485374895707,11.3145621387748,8.22072326005682e-29
"GM:RW",-0.0180877383392934,0.0112144392140144,-1.61289726522301,0.106924989989191
