"","Estimate","X95..CI.Lower","X95..CI.Upper","p.value"
"ACME",0.832498783874327,0.769765656406058,0.894839302457,0
"ADE",0.135530428064962,0.123245155898439,0.149167300368277,0
"Total Effect",0.968029211939289,0.903936005103191,1.0311252183598,0
"Prop. Mediated",0.860427873729395,0.845399950381854,0.873958733885499,0
