"","Estimate","Std..Error","t.value","Pr...t.."
"GF",-1.03992063939603,0.0297164084237525,-34.9948292730026,1.12954157147245e-209
"GM",0.00190328412254299,0.0227733492233513,0.0835750641627802,0.933402665684574
