"","Estimate","X95..CI.Lower","X95..CI.Upper","p.value"
"ACME",0.79623131114137,0.734450894394657,0.857511364801135,0
"ADE",0.129974038812888,0.117162712195324,0.142572620021912,0
"Total Effect",0.926205349954258,0.865445296738302,0.987809202314944,0
"Prop. Mediated",0.859934290407811,0.843902450964809,0.875171429309751,0
