"","Estimate","Std..Error","t.value","Pr...t.."
"GF",-1.00746295646686,0.0302589286106442,-33.2947332481713,9.66671216377302e-194
"GM",-0.0171810703739978,0.0231891128479664,-0.740911068338025,0.458834428654547
