"","Estimate","Std..Error","t.value","Pr...t.."
"X",0.804562634341557,0.00319424588843545,251.878741475233,0
"GF",-0.227191278332439,0.00776625340379984,-29.2536525039577,7.58645079618008e-157
"GM",-0.0720998692158193,0.00548944848671828,-13.1342646515884,7.43127353398729e-38
"RW",0.115116897679201,0.00889581432680994,12.940568839467,7.71876178821408e-37
"GM:RW",-0.0397432657633367,0.0112472312970488,-3.53360437904082,0.00041926275833265
