"","Estimate","X95..CI.Lower","X95..CI.Upper","p.value"
"ACME",0.753641915548736,0.692179236756417,0.813042127378838,0
"ADE",0.140803338720464,0.128419672804904,0.153192456476195,0
"Total Effect",0.894445254269201,0.832423458079394,0.954073794471646,0
"Prop. Mediated",0.842545298793637,0.825956649121931,0.858648238470896,0
