"","Estimate","Std..Error","t.value","Pr...t.."
"GF",-0.958012986249257,0.0311903827927409,-30.7150121438144,5.07744487737226e-170
"GM",-0.0155845766208448,0.0239029383908097,-0.651994176031379,0.514479923187948
