"","Estimate","Std..Error","t.value","Pr...t.."
"X",0.801398364157448,0.00308550184052664,259.730314735662,0
"GF",-0.257238982653993,0.00740727330848354,-34.7278913496249,4.27096771729776e-207
"GM",-0.0832719897759782,0.00556036558872005,-14.9759918565259,3.92753567156163e-48
"RW",0.134883916900842,0.00877373936600216,15.3735951427406,1.71739376520549e-50
"GM:RW",-0.052695577825727,0.0111645161611832,-4.71991594306065,2.523406655577e-06
