"","Estimate","X95..CI.Lower","X95..CI.Upper","p.value"
"ACME",0.781263481376573,0.723152992728231,0.840265042968551,0
"ADE",0.133176886906037,0.121254451139994,0.14569233419,0
"Total Effect",0.914440368282609,0.856240363646708,0.974468934969355,0
"Prop. Mediated",0.85433607882399,0.838845013010083,0.86987764238124,0
