"","Estimate","Std..Error","t.value","Pr...t.."
"GF",-0.993982162447251,0.0296495253901578,-33.5243869629428,7.00682340862584e-196
"GM",-0.0142611175366209,0.0227220930062659,-0.627632213840872,0.530316622453643
