"","Estimate","Std..Error","t.value","Pr...t.."
"X",0.794365183961518,0.0032457537621927,244.739817670234,0
"GF",-0.24521171351191,0.00776946581242175,-31.5609489033169,1.10375826147703e-177
"GM",-0.0841181143129907,0.00543807996730577,-15.4683481704418,4.62925125827137e-51
"RW",0.126491584300941,0.0088861908596731,14.2346238448444,7.27553092184431e-44
"GM:RW",-0.0440034529751179,0.0112100117036587,-3.92537083264205,8.95342928231475e-05
