"","Estimate","X95..CI.Lower","X95..CI.Upper","p.value"
"ACME",0.817650357373518,0.75572874219746,0.881339295559312,0
"ADE",0.133212625886348,0.121815060538827,0.145363508790437,0
"Total Effect",0.950862983259866,0.886955015674593,1.01717156112802,0
"Prop. Mediated",0.859809826741589,0.844292267479374,0.873326739579551,0
