"","Estimate","Std..Error","t.value","Pr...t.."
"GF",-1.01151448979393,0.0311688323079793,-32.4527553614827,6.2158065402859e-186
"GM",0.0177058198646333,0.0238864230465458,0.741250367630649,0.458628760060505
