"","Estimate","Std..Error","t.value","Pr...t.."
"X",0.795459007110266,0.00309511726231729,257.004481476321,0
"GF",-0.233190510111712,0.00763328398470063,-30.549172620735,1.78187951806039e-168
"GM",-0.0844518460504131,0.00552750771002265,-15.2784673456506,6.36406425989741e-50
"RW",0.102914810439256,0.00883324606311608,11.6508483635461,2.13861009549167e-30
"GM:RW",-0.0248154179577897,0.0112052225224228,-2.21462964328745,0.0268981253415779
