"","Estimate","X95..CI.Lower","X95..CI.Upper","p.value"
"ACME",0.83001790032315,0.773384221820985,0.888873863750904,0
"ADE",0.133059997924491,0.120800380807487,0.145645556532844,0
"Total Effect",0.963077898247641,0.903856080566165,1.02268202550417,0
"Prop. Mediated",0.861564582740419,0.846968388831485,0.876067891710277,0
