"","Estimate","Std..Error","t.value","Pr...t.."
"GF",-1.03529109904037,0.0304226693081208,-34.0302518676104,1.31211909066964e-200
"GM",0.00318972936036077,0.0233145965212466,0.136812548201465,0.891192748789529
