"","Estimate","Std..Error","t.value","Pr...t.."
"X",0.799418483799066,0.00319507422542313,250.203415444346,0
"GF",-0.242550989719315,0.00798710621943955,-30.3678182129316,7.76456881010547e-167
"GM",-0.0830086103638808,0.00541098145540657,-15.3407678529262,2.70077731027457e-50
"RW",0.118786449058535,0.00907562631662888,13.0885125625862,1.29507500264033e-37
"GM:RW",-0.0424990276846662,0.0113801915084171,-3.73447385777584,0.00019338471330477
