"","Estimate","X95..CI.Lower","X95..CI.Upper","p.value"
"ACME",0.818183435738048,0.757085821734881,0.873834465649834,0
"ADE",0.130627442576794,0.117425032507049,0.14214798034124,0
"Total Effect",0.948810878314842,0.887659187831014,1.00755388807352,0
"Prop. Mediated",0.862137632797425,0.847300179573359,0.877640596401082,0
