"","Estimate","Std..Error","t.value","Pr...t.."
"GF",-1.00257304913955,0.0298747234585802,-33.5592411601589,3.3144679055984e-196
"GM",0.0139060939965195,0.0228946749072638,0.607394254465148,0.543658322404624
