"","Estimate","Std..Error","t.value","Pr...t.."
"X",0.80330790196265,0.00327340169338041,245.40462100546,0
"GF",-0.244159492947625,0.00782808703395519,-31.190186298205,2.68610587093425e-174
"GM",-0.0824189326180759,0.00551320116645656,-14.9493787963932,5.62724817955547e-48
"RW",0.126348249025663,0.00904503902181522,13.9687898217942,2.2371417456471e-42
"GM:RW",-0.0500118243263812,0.0113992750682708,-4.38728112330459,1.2076305784855e-05
