"","Estimate","X95..CI.Lower","X95..CI.Upper","p.value"
"ACME",0.763111257265338,0.699087275871843,0.827310785846934,0
"ADE",0.131595834522782,0.119049613295294,0.143380942494997,0
"Total Effect",0.894707091788121,0.832707090395999,0.958913715449183,0
"Prop. Mediated",0.85329630217128,0.836637915558089,0.869232273212106,0
