"","Estimate","Std..Error","t.value","Pr...t.."
"GF",-0.972776910622274,0.0307656589934108,-31.6189200052766,2.91739473809608e-178
"GM",-0.0173816294820693,0.0235774487398503,-0.737214177575161,0.461078673894413
