"","Estimate","Std..Error","t.value","Pr...t.."
"X",0.798204116532772,0.00315621009399593,252.899551285004,0
"GF",-0.242499534707323,0.00763036644948992,-31.7808504103408,1.06705011702475e-179
"GM",-0.0909526084092486,0.00554649704215049,-16.3982073222173,8.6231099230217e-57
"RW",0.122398179646362,0.00890635536840181,13.7427909154186,3.95040888386771e-41
"GM:RW",-0.0315075902066439,0.0112865551533733,-2.7916037957097,0.00529471901219134
