"","Estimate","X95..CI.Lower","X95..CI.Upper","p.value"
"ACME",0.743903569070968,0.684316721558774,0.805621324204509,0
"ADE",0.149131623654434,0.136236381946044,0.161901048669413,0
"Total Effect",0.893035192725403,0.832621046256716,0.953601594811727,0
"Prop. Mediated",0.832749734547796,0.815945185822681,0.849077098204248,0
