"","Estimate","Std..Error","t.value","Pr...t.."
"GF",-0.966851555883081,0.0298489729510274,-32.3914513731972,2.28904329499758e-185
"GM",-0.0278283685839725,0.0228749408501458,-1.21654384884651,0.223921508622724
