"","Estimate","Std..Error","t.value","Pr...t.."
"X",0.792956346566595,0.00331676047458274,239.075553584059,0
"GF",-0.25768077714891,0.00821851167328948,-31.3537033702079,8.65671741537185e-176
"GM",-0.0768330806308817,0.00547653805764575,-14.0294981651074,1.02782684304023e-42
"RW",0.127701760920671,0.00929455543213393,13.7394157098864,4.12229462019721e-41
"GM:RW",-0.0502486444190473,0.0116202580849317,-4.3242279174682,1.60612911780776e-05
