"","Estimate","X95..CI.Lower","X95..CI.Upper","p.value"
"ACME",0.0421727458160216,-0.0173598365751858,0.105343880637746,0.198
"ADE",0.0870066858216252,-0.0462676101013844,0.213901968865008,0.216
"Total Effect",0.129179431637647,-0.0228659084295345,0.268925228851675,0.1
"Prop. Mediated",0.303695884343959,-1.2297650560574,1.66453131294294,0.23
