"","Estimate","X95..CI.Lower","X95..CI.Upper","p.value"
"ACME",0.00646457559606378,-0.0449076097859406,0.0524397868706709,0.772
"ADE",0.279421858684604,0.181650868885943,0.379233695017659,0
"Total Effect",0.285886434280668,0.179084922434994,0.399924899236055,0
"Prop. Mediated",0.0250098323296638,-0.202537808296249,0.168449435788821,0.772
