"","Estimate","X95..CI.Lower","X95..CI.Upper","p.value"
"ACME",-0.151378604428357,-0.200304473965348,-0.105206759192595,0
"ADE",-0.0796040203277429,-0.173928951834968,0.00981982683309875,0.078
"Total Effect",-0.2309826247561,-0.335676739690668,-0.127144737015603,0
"Prop. Mediated",0.657863511908389,0.450455211713613,1.07465039817825,0
