"","Estimate","Std..Error","t.value","Pr...t.."
"GRFB",0.197610447777731,0.0490765404023085,4.02657657116425,5.76037486350616e-05
"GRFW",0.299031478406144,0.0613026946031693,4.87794998803665,1.11203446124193e-06
"GRMB",-0.154808942068074,0.0198385006996197,-7.80345976805804,7.5658176749087e-15
"GRMW",0.213150727929349,0.0303285380923742,7.02805810422307,2.43658764229235e-12
