"","Estimate","Std..Error","t.value","Pr...t.."
"X",0.430272351389848,0.013875192838535,31.0101889319238,4.10263394708447e-190
"GRFB",-0.0290350096261839,0.0439946925901739,-0.659966189482336,0.509312089831142
"GRFW",0.0560415824670142,0.0550047164846445,1.01885049226023,0.308333241439529
"GRMB",-0.10653901697186,0.0178791628840414,-5.95883698039098,2.7508709273178e-09
"GRMW",0.246368666490498,0.0272958784476976,9.02585593508453,2.66956172196984e-19
