"","Estimate","X95..CI.Lower","X95..CI.Upper","p.value"
"ACME",0.712384945872757,0.63020678500376,0.790620730013551,0
"ADE",0.320178839107179,0.303687233337469,0.337590968683417,0
"Total Effect",1.03256378497994,0.94635743213008,1.11153374508208,0
"Prop. Mediated",0.689758640349879,0.662192228043492,0.714755002295184,0
