"","Estimate","X95..CI.Lower","X95..CI.Upper","p.value"
"ACME",0.747940975228914,0.662618639818532,0.833836502785785,0
"ADE",0.155680700741511,0.137527725928963,0.174283547829213,0
"Total Effect",0.903621675970425,0.815289683839848,0.989005035670272,0
"Prop. Mediated",0.827923795578814,0.80151429465145,0.849524593481606,0
