"","Estimate","X95..CI.Lower","X95..CI.Upper","p.value"
"ACME",-0.069985350858838,-0.155234178298547,0.0166951655812337,0.114
"ADE",0.195476760220647,0.177584782620089,0.213382340299005,0
"Total Effect",0.125491409361809,0.039083015483171,0.214219772456784,0.004
"Prop. Mediated",-0.533808647886804,-3.85762171846853,0.0855338428062387,0.118
