"","Estimate","Std..Error","t.value","Pr...t.."
"X",0.800460868336464,0.00361923564925387,221.16848581039,0
"GRFB",-0.320175162356821,0.00777008747773786,-41.2061206870782,4.56132919598542e-269
"GRFW",-0.12526503524682,0.00648762845407516,-19.3082936443648,2.71775281415436e-76
"GRMB",-0.164551785439153,0.00551161608550886,-29.8554512662435,3.17546046237598e-162
"GRMW",0.000119092676069993,0.00419757397475713,0.0283717873195753,0.977368463328709
