"","Estimate","Std..Error","t.value","Pr...t.."
"GRFB",-0.861173931895446,0.0440184665804387,-19.5639239345548,4.09292999619434e-78
"GRFW",-0.948359491976566,0.0340474270863522,-27.8540721908679,1.59911049275617e-144
"GRMB",0.0728528027728743,0.0340474270863523,2.13974473278414,0.0324963435942764
"GRMW",0.0310402611837836,0.0259504942216149,1.19613371979364,0.231786449357102
