"","Estimate","X95..CI.Lower","X95..CI.Upper","p.value"
"ACME",0.65240625849616,0.56954665231229,0.734151780541801,0
"ADE",0.33658414260765,0.320487121288894,0.352301443257785,0
"Total Effect",0.98899040110381,0.906099767633391,1.07390377565554,0
"Prop. Mediated",0.659498661884835,0.626848518560309,0.686942910409123,0
