"","Estimate","X95..CI.Lower","X95..CI.Upper","p.value"
"ACME",-0.120828741354465,-0.20506121868042,-0.0370807015525433,0.01
"ADE",0.207225095151173,0.191054517371018,0.223898354815126,0
"Total Effect",0.0863963537967078,0.00193110570342704,0.174946071218693,0.048
"Prop. Mediated",-1.33084828139262,-14.3238117576437,0.0575287063089117,0.058
