"","Estimate","X95..CI.Lower","X95..CI.Upper","p.value"
"ACME",0.733695809949297,0.647653832336998,0.822611871619617,0
"ADE",0.17176931220871,0.15332978271158,0.190297896379828,0
"Total Effect",0.905465122158007,0.821035860474394,0.99523816848426,0
"Prop. Mediated",0.810234820832547,0.783991875933819,0.832993367888061,0
