"","Estimate","Std..Error","t.value","Pr...t.."
"X",0.802528534728643,0.0034578664696034,232.087774870233,0
"GRFB",-0.325649554562206,0.00742311417068044,-43.8696680496233,7.01961011454021e-295
"GRFW",-0.11836958805293,0.00620886146785539,-19.0646205694482,1.42219237076856e-74
"GRMB",-0.154025807422235,0.00524718375215174,-29.3539953425631,9.68853068618188e-158
"GRMW",0.0110914406923538,0.00402515689967018,2.75553002499423,0.00591297401039023
