"","Estimate","Std..Error","t.value","Pr...t.."
"GRFB",-0.814211863893945,0.0444602413425908,-18.3132578525607,2.26354931921241e-69
"GRFW",-0.964868003226673,0.0338948207344271,-28.4665321226099,6.86569375151841e-150
"GRMB",0.0978317673286055,0.0338948207344271,2.88633381763951,0.0039394762637182
"GRMW",-0.00201370207460738,0.0260551559581229,-0.07728612631772,0.93840367358863
