"","Estimate","Std..Error","t.value","Pr...t.."
"X",0.800765490100977,0.00344992075245026,232.111270826219,0
"GRFB",-0.333448288550246,0.00778385559794457,-42.838447393384,7.05865233543816e-285
"GRFW",-0.114531294866574,0.00623008273598841,-18.3835913133187,7.52218645462334e-70
"GRMB",-0.170031213940466,0.00548441793558188,-31.0025997175261,1.37145641801654e-172
"GRMW",0.00101228385083676,0.00416756371754701,0.242895830620337,0.80811106521788
