"","Estimate","Std..Error","t.value","Pr...t.."
"GRFB",-0.949610069343663,0.0458108204976481,-20.7289469830041,1.32240884854932e-86
"GRFW",-0.86056105813566,0.0355360768564827,-24.2165465144381,8.44927126403624e-114
"GRMB",0.0815141228625898,0.0355360768564827,2.29384135991701,0.0219030601165466
"GRMW",0.00507882647355152,0.0270389001857541,0.187834062726685,0.851025825315171
