"","Estimate","X95..CI.Lower","X95..CI.Upper","p.value"
"ACME",0.76411203862306,0.682491012627161,0.843081049975929,0
"ADE",0.334807747263878,0.316569189168874,0.353195360306831,0
"Total Effect",1.09891978588694,1.01553947094282,1.1820586752964,0
"Prop. Mediated",0.695153703403668,0.670548026601368,0.71778333457634,0
