"","Estimate","X95..CI.Lower","X95..CI.Upper","p.value"
"ACME",0.828417636853876,0.734609408049405,0.921252302928226,0
"ADE",0.163297430870993,0.144153514351738,0.181204122278041,0
"Total Effect",0.99171506772487,0.899581334113427,1.09061928106458,0
"Prop. Mediated",0.835227297227328,0.811999618387459,0.856188568821926,0
