"","Estimate","X95..CI.Lower","X95..CI.Upper","p.value"
"ACME",0.0708346994946217,-0.0229824486816369,0.158463450822504,0.128
"ADE",0.21888638300229,0.200878725054399,0.236781701342156,0
"Total Effect",0.289721082496912,0.197811167714046,0.377648406143746,0
"Prop. Mediated",0.250806690383745,-0.116140192322271,0.420211080962442,0.128
