"","Estimate","X95..CI.Lower","X95..CI.Upper","p.value"
"ACME",0.053778742090795,-0.0373923444456167,0.142027284304612,0.232
"ADE",0.19960607879248,0.181965260894528,0.217151757143306,0
"Total Effect",0.253384820883275,0.162574759043903,0.346137798405322,0
"Prop. Mediated",0.211998207418002,-0.218937066933597,0.420867057099828,0.232
