"","Estimate","Std..Error","t.value","Pr...t.."
"X",0.80542224011687,0.00356011854622773,226.234668778175,0
"GRFB",-0.314281731856407,0.0080166211241568,-39.2037651510522,9.6085588657083e-250
"GRFW",-0.114788559333577,0.00638378400750065,-17.9812724238016,4.07186188130219e-67
"GRMB",-0.156559710328571,0.00544740919318972,-28.7402148023505,2.71690548412059e-152
"GRMW",-0.00432253187051001,0.00419049378610477,-1.03150895601923,0.302427242079997
