"","Estimate","X95..CI.Lower","X95..CI.Upper","p.value"
"ACME",0.900269910811151,0.815186442588694,0.987466432442655,0
"ADE",0.157939601191628,0.138186191776174,0.176342342032243,0
"Total Effect",1.05820951200278,0.972514344792635,1.1481295622838,0
"Prop. Mediated",0.850631027043679,0.830876152209343,0.869875540039478,0
