"","Estimate","Std..Error","t.value","Pr...t.."
"GRFB",-1.00837875467736,0.0450656804493886,-22.3757578854229,3.91609637326654e-99
"GRFW",-0.941604211745506,0.0341569344281602,-27.5670000106688,5.03569130145887e-142
"GRMB",0.111991868248922,0.0341569344281603,3.27874471535103,0.00106061780972236
"GRMW",-0.00629136616374981,0.0263459746325773,-0.238798004305766,0.811286732368341
