"","Estimate","X95..CI.Lower","X95..CI.Upper","p.value"
"ACME",0.804304230900733,0.721997426896353,0.885104892322237,0
"ADE",0.310672847446736,0.293388456238936,0.328139257787336,0
"Total Effect",1.11497707834747,1.03162403208991,1.19942949281416,0
"Prop. Mediated",0.721826663765174,0.695981127059348,0.742366980760583,0
