"","Estimate","X95..CI.Lower","X95..CI.Upper","p.value"
"ACME",0.773125804567639,0.680694856765963,0.864382435286095,0
"ADE",0.147270526073241,0.129065001087519,0.166327755303751,0
"Total Effect",0.92039633064088,0.826128795559423,1.01430700239595,0
"Prop. Mediated",0.839943329029986,0.814567539234338,0.862559835431925,0
