"","Estimate","Std..Error","t.value","Pr...t.."
"X",0.799051504680549,0.0035318059687196,226.244451636802,0
"GRFB",-0.304071878242548,0.00774300585449045,-39.2705215463844,2.18862544387852e-250
"GRFW",-0.10953189100356,0.00635496545499661,-17.2356390887129,3.63418052721924e-62
"GRMB",-0.157191450850793,0.00548839728802339,-28.6406837190542,2.05621297024236e-151
"GRMW",0.00407283397559331,0.00420663815475256,0.968192134850468,0.333065779728826
