"","Estimate","Std..Error","t.value","Pr...t.."
"GRFB",-0.816045768755909,0.0455457399107921,-17.9170603080387,1.09586977714379e-66
"GRFW",-0.919330140480378,0.0346215084346367,-26.5537286515409,2.66311737622141e-133
"GRMB",0.149623587387004,0.0346215084346367,4.32169463873834,1.62447209394638e-05
"GRMW",-0.00952468635459231,0.0266590190787754,-0.357278200163614,0.720921318575015
