"","Estimate","X95..CI.Lower","X95..CI.Upper","p.value"
"ACME",-0.0834940800647889,-0.165863161024736,0.00678653887441013,0.066
"ADE",0.194331764778358,0.176845573028327,0.212292023242791,0
"Total Effect",0.11083768471357,0.0223871226617513,0.200538611507518,0.012
"Prop. Mediated",-0.738033201853048,-6.27932547873875,0.0533975828688545,0.078
