"","Estimate","X95..CI.Lower","X95..CI.Upper","p.value"
"ACME",0.644164591901608,0.560732240989395,0.724565875193733,0
"ADE",0.307690372235666,0.290113016193713,0.325604766765149,0
"Total Effect",0.951854964137274,0.87081143665541,1.0339697874754,0
"Prop. Mediated",0.676765272711268,0.642016225945156,0.704621743373452,0
