"","Estimate","X95..CI.Lower","X95..CI.Upper","p.value"
"ACME",0.702744051685646,0.610961557790481,0.787945026546423,0
"ADE",0.17338449330571,0.156246879375757,0.192995106321331,0
"Total Effect",0.876128544991357,0.784507516960202,0.960104284018721,0
"Prop. Mediated",0.801637445579715,0.773153431205225,0.827386242097844,0
