"","Estimate","Std..Error","t.value","Pr...t.."
"X",0.796007767020306,0.0034516588522781,230.616002648969,0
"GRFB",-0.330763513329076,0.00764602362409896,-43.2595463459682,5.82218961367664e-289
"GRFW",-0.120556260378485,0.00607969951865392,-19.8293122889693,5.12597072703431e-80
"GRMB",-0.157043219337612,0.00519548255965784,-30.2268783571771,1.45073774282866e-165
"GRMW",-0.000935503842203039,0.00410584844069288,-0.227846657205196,0.81978880180088
