"","Estimate","X95..CI.Lower","X95..CI.Upper","p.value"
"ACME",0.614954836329271,0.538656893594696,0.697377585031365,0
"ADE",0.330154907733902,0.312114362905386,0.347375771875992,0
"Total Effect",0.945109744063173,0.862765026893762,1.02893931871507,0
"Prop. Mediated",0.650224724571288,0.616762031179884,0.680520633944463,0
