"","Estimate","X95..CI.Lower","X95..CI.Upper","p.value"
"ACME",-0.118686709741333,-0.209528922360531,-0.0300934369617577,0.006
"ADE",0.210134243754075,0.193351609602562,0.228137974700181,0
"Total Effect",0.0914475340127422,0.00299857711754799,0.179939166875407,0.04
"Prop. Mediated",-1.22587071523846,-18.2306196008533,-0.0720172453798952,0.046
