"","Estimate","Std..Error","t.value","Pr...t.."
"GRFB",-0.771502746489056,0.0464780512831876,-16.5992920354673,4.58618459292661e-58
"GRFW",-0.921409783259247,0.0336005692000271,-27.422445666739,9.02915179994753e-141
"GRMB",0.110391805441368,0.0336005692000271,3.28541474354781,0.00103595620678488
"GRMW",0.0017899187740759,0.0266252864446986,0.0672262729564846,0.946408302631091
