"","Estimate","X95..CI.Lower","X95..CI.Upper","p.value"
"ACME",0.827327322522664,0.738845288678387,0.914180807218289,0
"ADE",0.151058357500198,0.132103421664038,0.169314357428239,0
"Total Effect",0.978385680022861,0.891042492967168,1.06788490719768,0
"Prop. Mediated",0.84544595164908,0.823334811110057,0.866277856648894,0
