"","Estimate","Std..Error","t.value","Pr...t.."
"GRFB",-0.907352880725622,0.0431255827844177,-21.0397824711477,6.34479645850621e-89
"GRFW",-0.896060863257818,0.0346200522576068,-25.8827126137839,1.3083207845331e-127
"GRMB",0.126515102612672,0.0346200522576071,3.65438797351536,0.00026445341441249
"GRMW",0.0377050798918185,0.0258042634108681,1.46119574472868,0.144119129291986
