"","Estimate","X95..CI.Lower","X95..CI.Upper","p.value"
"ACME",0.00784082243837296,-0.0780356327196515,0.0949685797107815,0.888
"ADE",0.196623034022441,0.178464010073228,0.213579649883273,0
"Total Effect",0.204463856460814,0.120829636757085,0.296626511430302,0
"Prop. Mediated",0.0348893322912921,-0.641030422969167,0.329361174662085,0.888
