"","Estimate","X95..CI.Lower","X95..CI.Upper","p.value"
"ACME",0.755841530629102,0.671515507907368,0.83215802174948,0
"ADE",0.31210290288649,0.295478577766586,0.329570350754955,0
"Total Effect",1.06794443351559,0.984613814614908,1.14685079262347,0
"Prop. Mediated",0.708242432016501,0.680728584172861,0.731120532015216,0
