"","Estimate","Std..Error","t.value","Pr...t.."
"X",0.799353023446957,0.00356937743418347,223.947463720607,0
"GRFB",-0.313610885274111,0.0076015855304841,-41.2559832440823,1.50223073280773e-269
"GRFW",-0.116978223277205,0.00638033271730236,-18.3341885854919,1.63796116454286e-69
"GRMB",-0.162720508536267,0.00553921829064531,-29.3760779948086,6.15743010142338e-158
"GRMW",-0.00116097209855039,0.00411714690915617,-0.281984618029658,0.777984552922009
