"","Estimate","Std..Error","t.value","Pr...t.."
"GRFB",-0.848815569528262,0.0446293983039131,-19.0192026284575,2.94300335722031e-74
"GRFW",-0.899993695922751,0.0342218398652538,-26.2988109191795,3.94288176268526e-131
"GRMB",0.119576753596242,0.0342218398652537,3.49416495626967,0.000485915899386069
"GRMW",0.0187325656241941,0.0262171851957625,0.714514753750981,0.474992488622763
