"","Estimate","X95..CI.Lower","X95..CI.Upper","p.value"
"ACME",0.779397056909304,0.693445106023975,0.870916562610393,0
"ADE",0.159938591801698,0.141304764745344,0.178690203156118,0
"Total Effect",0.939335648711002,0.851130362402412,1.03161579315016,0
"Prop. Mediated",0.830334577357962,0.80471535739111,0.851618245820639,0
