"","Estimate","X95..CI.Lower","X95..CI.Upper","p.value"
"ACME",0.698420787200831,0.617999871152899,0.782304942871582,0
"ADE",0.321746298421632,0.304890702903855,0.340098169606546,0
"Total Effect",1.02016708562246,0.938338740115036,1.10347587587005,0
"Prop. Mediated",0.684524094361727,0.652831529231479,0.713010553815736,0
