"","Estimate","X95..CI.Lower","X95..CI.Upper","p.value"
"ACME",-0.0396586836548904,-0.12456901111414,0.0501551857445307,0.358
"ADE",0.213725096941268,0.196422402372458,0.230327832598276,0
"Total Effect",0.174066413286378,0.0876603223905203,0.261657980812157,0
"Prop. Mediated",-0.219925995790211,-1.40436208978886,0.189636384295065,0.358
