"","Estimate","Std..Error","t.value","Pr...t.."
"X",0.804465054184869,0.00366648495868472,219.41043349417,0
"GRFB",-0.322907482735165,0.00794544051319597,-40.6406016379926,1.3375960389494e-263
"GRFW",-0.10955175643944,0.00650485764870997,-16.8415301849328,1.30290562622399e-59
"GRMB",-0.162812142994629,0.00562286604608652,-28.9553657619045,3.38631927131778e-154
"GRMW",-0.00166300085686334,0.00429508509209771,-0.387186940701827,0.698659116399274
