"","Estimate","Std..Error","t.value","Pr...t.."
"GRFB",-0.884139364702114,0.0460563119255798,-19.1969206333923,1.65448629932594e-75
"GRFW",-0.870726901546065,0.0341985618064405,-25.4609216163612,4.5428280620768e-124
"GRMB",0.12378111489698,0.0341985618064403,3.61948305304668,0.000302543159955934
"GRMW",-0.00918432080584224,0.026692309446113,-0.344081160320119,0.730821494740814
