"","Estimate","Std..Error","t.value","Pr...t.."
"X",0.80480408536097,0.00359155342096639,224.082448742867,0
"GRFB",-0.303121629705031,0.00804346443786135,-37.6854565649857,3.57595165184544e-235
"GRFW",-0.102374600430285,0.00631600012641947,-16.208771117983,1.32948581612875e-55
"GRMB",-0.157472686522944,0.00550542715901126,-28.6031731916012,4.4056364557853e-151
"GRMW",0.00515098557288599,0.00428313368353487,1.20262078036165,0.229265813327297
