"","Estimate","X95..CI.Lower","X95..CI.Upper","p.value"
"ACME",0.702349570552942,0.619376656878922,0.786453130875489,0
"ADE",0.307475422665226,0.290262358918927,0.325594606437895,0
"Total Effect",1.00982499321817,0.925575229637161,1.09626624955176,0
"Prop. Mediated",0.69536209820441,0.665627367073278,0.722607320010556,0
