"","Estimate","X95..CI.Lower","X95..CI.Upper","p.value"
"ACME",0.811951644429124,0.72500488784834,0.902167770066856,0
"ADE",0.145651120660584,0.12536758180296,0.16525712861035,0
"Total Effect",0.957602765089708,0.868998143475056,1.04946000680418,0
"Prop. Mediated",0.847785781794903,0.825525892341246,0.870614619949445,0
