"","Estimate","X95..CI.Lower","X95..CI.Upper","p.value"
"ACME",0.0110282165102551,-0.0765468363414736,0.0972187375502342,0.79
"ADE",0.200171215673912,0.181030591528407,0.218330914958357,0
"Total Effect",0.211199432184167,0.114621306271058,0.298617879372629,0
"Prop. Mediated",0.0520433505833898,-0.645740367109713,0.334669384504516,0.79
