"","Estimate","Std..Error","t.value","Pr...t.."
"X",0.799897919286787,0.00345182596720771,231.731821617255,0
"GRFB",-0.326853796536271,0.00768608797294839,-42.5253780189156,7.65064132489335e-282
"GRFW",-0.124947345111367,0.00621019790295197,-20.1197042451697,4.02991039741866e-82
"GRMB",-0.160277566213424,0.00546319232454054,-29.337712584904,1.35324083758082e-157
"GRMW",-0.00451956473666905,0.00417837507887209,-1.08165606278914,0.279536110832827
