"","Estimate","X95..CI.Lower","X95..CI.Upper","p.value"
"ACME",-0.0223958223783115,-0.110671268319423,0.0644580762968576,0.61
"ADE",0.202516310392862,0.185537174234863,0.220479703652211,0
"Total Effect",0.18012048801455,0.08955188980796,0.269354355552302,0
"Prop. Mediated",-0.128322585251225,-1.23171303991345,0.24594333471813,0.61
