"","Estimate","X95..CI.Lower","X95..CI.Upper","p.value"
"ACME",0.651185233713531,0.566691112789118,0.731817179906803,0
"ADE",0.322066967120618,0.304696843233433,0.339128166612764,0
"Total Effect",0.973252200834149,0.886881134782531,1.06077672610872,0
"Prop. Mediated",0.669720089413907,0.636132595644809,0.696585465184862,0
