"","Estimate","X95..CI.Lower","X95..CI.Upper","p.value"
"ACME",0.77753173582407,0.681771467319491,0.869946318726314,0
"ADE",0.166285893675077,0.14750843961564,0.184464413060704,0
"Total Effect",0.943817629499146,0.849047927514233,1.0359878194682,0
"Prop. Mediated",0.823524160690017,0.799595548987427,0.84568820442422,0
