"","Estimate","Std..Error","t.value","Pr...t.."
"GRFB",-0.838756230158252,0.0461686429581231,-18.167227287123,2.23498495205989e-68
"GRFW",-0.865816209617749,0.0352996169483296,-24.5276375345688,2.42643160682299e-116
"GRMB",0.133364324348139,0.0352996169483296,3.77806718252364,0.000162681531583288
"GRMW",-0.0241464620114736,0.0270889292747776,-0.891377498406933,0.372834121809819
