"","Estimate","X95..CI.Lower","X95..CI.Upper","p.value"
"ACME",-0.0211349772926629,-0.113126305247657,0.0748095354808934,0.64
"ADE",0.193982447826803,0.176622404494079,0.210160800858494,0
"Total Effect",0.172847470534141,0.0779897437803126,0.2673987044749,0
"Prop. Mediated",-0.132014015743644,-1.3733255962791,0.274882442273139,0.64
