"","Estimate","X95..CI.Lower","X95..CI.Upper","p.value"
"ACME",0.770054909814524,0.679313447609984,0.859792788959374,0
"ADE",0.143829164685733,0.125386839971122,0.161969281719361,0
"Total Effect",0.913884074500257,0.81822274216912,1.00226546271223,0
"Prop. Mediated",0.842764566453074,0.818152063818103,0.864652084462378,0
