"","Estimate","X95..CI.Lower","X95..CI.Upper","p.value"
"ACME",0.740296611242758,0.656091141337146,0.821414161196019,0
"ADE",0.311791711700127,0.293685336623087,0.330505990698082,0
"Total Effect",1.05208832294288,0.965258281899547,1.13414765191881,0
"Prop. Mediated",0.704253563755093,0.6752057436482,0.72893876885663,0
