"","Estimate","Std..Error","t.value","Pr...t.."
"GRFB",-0.881754251444098,0.0459783278849117,-19.177605885347,2.26420106049376e-75
"GRFW",-0.908309628334739,0.0344433052454801,-26.3711517190684,9.56993732187524e-132
"GRMB",0.073342707309455,0.0344433052454802,2.12937483167587,0.0333453320063609
"GRMW",0.0355014782652813,0.0267474705692075,1.32728357148476,0.184566690825596
