"","Estimate","Std..Error","t.value","Pr...t.."
"X",0.806735581620938,0.00340224833923538,237.118370319271,0
"GRFB",-0.313979108826033,0.00760541230101266,-41.2836407020599,8.1127366085316e-270
"GRFW",-0.120077686578928,0.00607943182162165,-19.7514652852704,1.86414623419845e-79
"GRMB",-0.170167792468864,0.00524135801354422,-32.4663554806088,5.23646563206405e-186
"GRMW",-0.00262150674632122,0.00406743450469119,-0.644511114634469,0.519318150255823
