"","Estimate","Std..Error","t.value","Pr...t.."
"X",0.797967740276829,0.0035639392631203,223.90048801735,0
"GRFB",-0.321502210324805,0.00797069781603642,-40.3355161298384,1.18281848314007e-260
"GRFW",-0.120118492258831,0.00649039125632115,-18.5071265375327,1.06770651119035e-70
"GRMB",-0.166120899200647,0.00551336303185941,-30.1305932950006,1.06894631308462e-164
"GRMW",0.00414803221681746,0.00427174611351169,0.971039033358531,0.331646554032097
