"","Estimate","X95..CI.Lower","X95..CI.Upper","p.value"
"ACME",-0.0556941368485625,-0.144258549908237,0.0340705184400598,0.218
"ADE",0.201781043263724,0.184280691704982,0.219137844133247,0
"Total Effect",0.146086906415162,0.0573468619707047,0.238927065869685,0
"Prop. Mediated",-0.390692890676863,-2.38876593768864,0.144259106725161,0.218
