"","Estimate","X95..CI.Lower","X95..CI.Upper","p.value"
"ACME",0.780330015410827,0.7021374191565,0.862230829339606,0
"ADE",0.325701382291501,0.308811297720479,0.342827177262672,0
"Total Effect",1.10603139770233,1.02807892788954,1.18424546582913,0
"Prop. Mediated",0.705208241166476,0.678682642249661,0.729058218439457,0
