"","Estimate","X95..CI.Lower","X95..CI.Upper","p.value"
"ACME",0.776666354699671,0.687029614020446,0.86792453162104,0
"ADE",0.155305731789662,0.136325333333686,0.175600811548066,0
"Total Effect",0.931972086489333,0.839832179860176,1.0249200770448,0
"Prop. Mediated",0.83371995684587,0.80742556538189,0.855480889547023,0
