"","Estimate","Std..Error","t.value","Pr...t.."
"GRFB",-0.893349528725583,0.0458923610584997,-19.4661923710314,2.03907745788299e-77
"GRFW",-0.964162533135226,0.0345809404049236,-27.8813277442839,9.24914940697688e-145
"GRMB",0.0791530486516485,0.0345809404049236,2.28892123015772,0.0221879483553334
"GRMW",0.083253987540167,0.0267636098340769,3.11071593317592,0.00189273624098902
