"","Estimate","X95..CI.Lower","X95..CI.Upper","p.value"
"ACME",-0.0163334610580934,-0.110883956378036,0.0772850188375079,0.746
"ADE",0.191983552008781,0.175280589887195,0.208857422248718,0
"Total Effect",0.175650090950688,0.0827111807499238,0.268540142153736,0
"Prop. Mediated",-0.0869244437447863,-1.33141589555526,0.288184499241799,0.746
