"","Estimate","X95..CI.Lower","X95..CI.Upper","p.value"
"ACME",0.750685851871576,0.660061580750782,0.8408079805528,0
"ADE",0.165133842765519,0.14678110656515,0.183483876754619,0
"Total Effect",0.915819694637095,0.822441251291784,1.00715353062665,0
"Prop. Mediated",0.819626295224218,0.793595085411206,0.841531286656896,0
