"","Estimate","X95..CI.Lower","X95..CI.Upper","p.value"
"ACME",0.673989586161128,0.59313784733434,0.753325202302145,0
"ADE",0.319390794382965,0.30305268209752,0.336115019276199,0
"Total Effect",0.993380380544093,0.912449341299914,1.07691475747932,0
"Prop. Mediated",0.678835072480236,0.647062651005615,0.706089735211458,0
