"","Estimate","Std..Error","t.value","Pr...t.."
"GRFB",-0.85355618515468,0.0457361400128651,-18.6626196464018,8.97184997379213e-72
"GRFW",-0.872526323195134,0.0365078733459908,-23.8996754186711,3.14592809503217e-111
"GRMB",0.0938839144772834,0.0365078733459908,2.57160732391972,0.0101945567008432
"GRMW",-0.00480613140084242,0.0273054961496712,-0.176013333524442,0.860301322371319
