"","Estimate","Std..Error","t.value","Pr...t.."
"X",0.795444628497279,0.00339121179424756,234.56058682226,0
"GRFB",-0.316782571757369,0.0075096622098439,-42.1833316739759,1.57889450155155e-278
"GRFW",-0.124629731772794,0.00627293568376104,-19.8678478555786,2.70193567134431e-80
"GRMB",-0.151696257041479,0.0055403854813661,-27.3800907087922,2.14971113986061e-140
"GRMW",0.00218400951847869,0.00413702956992857,0.527917309161606,0.597615441152752
