"","Estimate","X95..CI.Lower","X95..CI.Upper","p.value"
"ACME",-0.00630635610456326,-0.0999429629308924,0.0911657098915185,0.896
"ADE",0.218158995532878,0.19987237402201,0.235261294479759,0
"Total Effect",0.211852639428315,0.115669883834779,0.310840055669596,0
"Prop. Mediated",-0.0307469415270399,-0.861379423523904,0.294291671079315,0.896
