"","Estimate","X95..CI.Lower","X95..CI.Upper","p.value"
"ACME",0.665253907548055,0.574238153732754,0.754024531198156,0
"ADE",0.328207647454986,0.311086676998099,0.344896332173756,0
"Total Effect",0.993461555003042,0.903115851334971,1.08562294551623,0
"Prop. Mediated",0.670486649304947,0.635694488521291,0.698493752687581,0
