"","Estimate","X95..CI.Lower","X95..CI.Upper","p.value"
"ACME",0.73600407155283,0.65441620313899,0.829374610434038,0
"ADE",0.163580043712007,0.145291623887865,0.182161432250266,0
"Total Effect",0.899584115264837,0.810219359199563,0.998562794005199,0
"Prop. Mediated",0.818092382152681,0.794060972752148,0.840849650475704,0
