"","Estimate","Std..Error","t.value","Pr...t.."
"GRFB",-0.841596026749155,0.0471653555547876,-17.8435213060474,3.41586984447785e-66
"GRFW",-0.844617507990704,0.0353325319366008,-23.9048112800478,2.85908626152741e-111
"GRMB",0.0797035854992054,0.0353325319366008,2.25581301793548,0.0241901954367427
"GRMW",-0.0116798662673167,0.0274380130296534,-0.425681927284376,0.670385526308417
