"","Estimate","Std..Error","t.value","Pr...t.."
"X",0.799529216370722,0.00345484441701475,231.422640172485,0
"GRFB",-0.331038591310522,0.0078391684495047,-42.2287891174781,5.72693400686343e-279
"GRFW",-0.112603930491534,0.00618519514584626,-18.2053965697678,1.2369005435379e-68
"GRMB",-0.167391716188977,0.00546055044582257,-30.6547330438152,1.97292441526608e-169
"GRMW",-0.0032274415613555,0.00423527030784057,-0.762039097098637,0.446126748767705
