"","Estimate","X95..CI.Lower","X95..CI.Upper","p.value"
"ACME",-0.023759236114827,-0.10884694160771,0.0654353147309665,0.596
"ADE",0.174684207341261,0.15729441414169,0.192797805704406,0
"Total Effect",0.150924971226434,0.0600641876527345,0.242906532925593,0.002
"Prop. Mediated",-0.150141018139095,-1.72970086143185,0.274522244706811,0.598
