"","Estimate","X95..CI.Lower","X95..CI.Upper","p.value"
"ACME",0.703587866977162,0.624896578027662,0.785086666461542,0
"ADE",0.319607475245089,0.302020951737203,0.335622467463468,0
"Total Effect",1.02319534222225,0.936880494296533,1.10457805752535,0
"Prop. Mediated",0.687452447842149,0.658944185797895,0.714522396626967,0
