"","Estimate","X95..CI.Lower","X95..CI.Upper","p.value"
"ACME",0.750706277143306,0.660887012598083,0.841595856936198,0
"ADE",0.156459869164957,0.13710955693382,0.17671222759713,0
"Total Effect",0.907166146308262,0.815291940851238,1.00230027182533,0
"Prop. Mediated",0.827422809757363,0.801862476198342,0.85274758400209,0
