"","Estimate","Std..Error","t.value","Pr...t.."
"GRFB",-0.853014402599398,0.0460371898864749,-18.5288112654765,7.52650228210777e-71
"GRFW",-0.883288751292724,0.0348932771130591,-25.3140095850196,7.64961871752093e-123
"GRMB",0.0910578875567789,0.0348932771130592,2.60961122286503,0.00913225676792502
"GRMW",0.0304444020691341,0.0269139315064013,1.1311763226377,0.258116776288904
