"","Estimate","Std..Error","t.value","Pr...t.."
"X",0.796458155093047,0.00351732813246011,226.438400143231,0
"GRFB",-0.313822790208718,0.00783188345692827,-40.0699004185389,4.32998929029253e-258
"GRFW",-0.139171844188187,0.00630221426673211,-22.0830073840621,7.37318536309801e-97
"GRMB",-0.157225310070747,0.00549255644133029,-28.625160569614,2.81867210168703e-151
"GRMW",0.00552661302330274,0.00423067298411334,1.30632006871148,0.19159431873179
