"","Estimate","X95..CI.Lower","X95..CI.Upper","p.value"
"ACME",-0.055185445526482,-0.145398721782871,0.0323492617690099,0.234
"ADE",0.183310854958982,0.165956378416822,0.201037990311482,0
"Total Effect",0.1281254094325,0.0399655293581216,0.223740481104777,0.012
"Prop. Mediated",-0.422156595104027,-3.15348729564184,0.166909346050876,0.246
