"","Estimate","X95..CI.Lower","X95..CI.Upper","p.value"
"ACME",0.664647252376231,0.578646374105311,0.744910989463033,0
"ADE",0.310683756437163,0.293380505590992,0.328840204905531,0
"Total Effect",0.975331008813395,0.890070345419208,1.05482923596613,0
"Prop. Mediated",0.682388994569844,0.648507351260824,0.708462526602949,0
