"","Estimate","X95..CI.Lower","X95..CI.Upper","p.value"
"ACME",0.752679427671656,0.66071452450028,0.843447578856803,0
"ADE",0.156101197627905,0.136401650844897,0.174678627177542,0
"Total Effect",0.908780625299561,0.817738972423591,1.00254459642136,0
"Prop. Mediated",0.828605437507419,0.803045809625431,0.850771685791119,0
