"","Estimate","Std..Error","t.value","Pr...t.."
"GRFB",-0.809864316897632,0.04466407961703,-18.1323408842581,3.8549501778371e-68
"GRFW",-0.879853118698827,0.0345467962033834,-25.4684432535789,3.93046792833001e-124
"GRMB",0.137796157279596,0.0345467962033833,3.98868122150503,6.88373435301121e-05
"GRMW",0.0248353798792979,0.0263311066935383,0.943195444397803,0.3456950902615
