"","Estimate","Std..Error","t.value","Pr...t.."
"X",0.794780255913524,0.00355363818549759,223.652553925446,0
"GRFB",-0.313411227458119,0.00765284106804568,-40.9535785039052,1.26292987142796e-266
"GRFW",-0.129907999053483,0.00631341588487208,-20.5764995404093,1.79634434447316e-85
"GRMB",-0.157210032164839,0.00550662135970543,-28.5492722116722,1.31595060488447e-150
"GRMW",-0.00268561824059714,0.00418137723313929,-0.642280782349034,0.520764687153593
