"","Estimate","X95..CI.Lower","X95..CI.Upper","p.value"
"ACME",-0.0623328823816887,-0.155293725938399,0.0320608160755153,0.188
"ADE",0.197895423325004,0.180163219762984,0.215481817718554,0
"Total Effect",0.135562540943316,0.041145640935652,0.231461728968397,0.006
"Prop. Mediated",-0.456113531572635,-3.46789349825794,0.144103781827812,0.194
