"","Estimate","X95..CI.Lower","X95..CI.Upper","p.value"
"ACME",0.785175174438392,0.695081622499336,0.867899112580489,0
"ADE",0.166034328260018,0.147826848033503,0.184961011720227,0
"Total Effect",0.951209502698409,0.862177150641749,1.04005989602395,0
"Prop. Mediated",0.825750380240563,0.800013665091606,0.845997251849371,0
