"","Estimate","X95..CI.Lower","X95..CI.Upper","p.value"
"ACME",0.695934054942924,0.610867031527571,0.780633724370273,0
"ADE",0.318354669206898,0.300937061631971,0.335088401791625,0
"Total Effect",1.01428872414982,0.930282965432233,1.1001680063805,0
"Prop. Mediated",0.686296221954646,0.654509349728884,0.713388939100295,0
