"","Estimate","Std..Error","t.value","Pr...t.."
"GRFB",-0.855408421779248,0.0463663541438245,-18.4489041153817,2.66679637006763e-70
"GRFW",-0.931622781568416,0.0351427627935651,-26.5096625168868,6.3283972869417e-133
"GRMB",0.126535552420731,0.0351427627935651,3.60061481688345,0.000325216625507993
"GRMW",0.0120509581507468,0.027106365151863,0.444580381147802,0.656671228193586
