"","Estimate","Std..Error","t.value","Pr...t.."
"X",0.799433946921304,0.00350710066306257,227.947248660721,0
"GRFB",-0.316411060463221,0.00785997658607046,-40.2559800272138,6.93007125540429e-260
"GRFW",-0.118795544839574,0.00640274849061934,-18.553835905568,5.0912127825971e-71
"GRMB",-0.150293528140684,0.00552421096976882,-27.2063338933223,6.82369307997012e-139
"GRMW",0.00177263687549716,0.00424738164660872,0.417348150692439,0.676468680998505
