"","Estimate","X95..CI.Lower","X95..CI.Upper","p.value"
"ACME",0.081405727791869,-0.0128373438686954,0.172337457186047,0.092
"ADE",0.210182841174683,0.191966107506214,0.227952389853014,0
"Total Effect",0.291588568966552,0.192491016329096,0.383077871349622,0
"Prop. Mediated",0.281576745914526,-0.0672397466191711,0.451948423314109,0.092
