"","Estimate","X95..CI.Lower","X95..CI.Upper","p.value"
"ACME",0.852997104338994,0.7570725576037,0.947121600535539,0
"ADE",0.170213711373194,0.151851201337838,0.188036008877702,0
"Total Effect",1.02321081571219,0.921555013822376,1.11710175271414,0
"Prop. Mediated",0.833480382921943,0.810287711593519,0.853178005996922,0
