"","Estimate","X95..CI.Lower","X95..CI.Upper","p.value"
"ACME",0.76653154098218,0.683001936975996,0.853944150632724,0
"ADE",0.333745176873125,0.318112456493265,0.350768368486168,0
"Total Effect",1.10027671785531,1.01358960125325,1.18816290205428,0
"Prop. Mediated",0.696188957948374,0.669253419955124,0.721582413379177,0
