"","Estimate","Std..Error","t.value","Pr...t.."
"GRFB",-0.946153461970246,0.0463187165652127,-20.4270224249013,2.25214236100707e-84
"GRFW",-0.844409840206073,0.0351066565230565,-24.0526989419087,1.81345721406235e-112
"GRMB",0.121393853264803,0.0351066565230565,3.45785857405921,0.000555902227125215
"GRMW",0.0127966879423397,0.0270785156125871,0.472577157678147,0.636566548599418
