"","Estimate","Std..Error","t.value","Pr...t.."
"X",0.798744737367189,0.00335685562813991,237.944322261422,0
"GRFB",-0.331496089709811,0.00763820886443666,-43.3997152464958,2.54388021564672e-290
"GRFW",-0.120816428305945,0.0059795886429483,-20.2048059691235,9.6547562127925e-83
"GRMB",-0.161276625104116,0.00528079507470158,-30.540216543667,2.14740570398204e-168
"GRMW",0.00242966757883126,0.00406127203237162,0.598252852669027,0.549739140783242
