"","Estimate","X95..CI.Lower","X95..CI.Upper","p.value"
"ACME",-0.0568713250720728,-0.148759141275077,0.0354509768540466,0.21
"ADE",0.20127774909452,0.18295652291676,0.220093483720149,0
"Total Effect",0.144406424022447,0.0497099380070552,0.236945409257295,0.008
"Prop. Mediated",-0.372608609949679,-2.85352171541057,0.159664109557914,0.218
