"","Estimate","X95..CI.Lower","X95..CI.Upper","p.value"
"ACME",0.790863847415806,0.702975627607989,0.884689735914345,0
"ADE",0.151807966619911,0.134377442110324,0.171107786147569,0
"Total Effect",0.942671814035717,0.853550685888792,1.03957571295786,0
"Prop. Mediated",0.838674098999518,0.8141103470387,0.860507831275909,0
