"","Estimate","X95..CI.Lower","X95..CI.Upper","p.value"
"ACME",0.680146596933027,0.60051286812758,0.763597614766065,0
"ADE",0.322299655434374,0.306151311977727,0.339114496941434,0
"Total Effect",1.0024462523674,0.920669273493405,1.08470546963292,0
"Prop. Mediated",0.67840860465838,0.648106923565982,0.704819658650021,0
