"","Estimate","Std..Error","t.value","Pr...t.."
"GRFB",-0.867729863999108,0.0457233274079996,-18.9778372045446,5.73618246215177e-74
"GRFW",-0.942113783782202,0.0355704587735487,-26.4858485458385,1.0099818228373e-132
"GRMB",0.120029136894609,0.0355704587735487,3.37440508312664,0.000753906519118508
"GRMW",-0.0159781999718646,0.0270188300519442,-0.591372755265354,0.5543376559189
