"","Estimate","Std..Error","t.value","Pr...t.."
"X",0.798741988595889,0.00345298962908442,231.31896541713,0
"GRFB",-0.320281150865157,0.00766364422177016,-41.7922781377732,9.68418628250606e-275
"GRFW",-0.118903329688446,0.00637918917219533,-18.6392543752588,1.30973034897569e-71
"GRMB",-0.168454408974916,0.00550300936595829,-30.6113251445614,4.87841324295813e-169
"GRMW",0.00240286292656012,0.00416850306704863,0.576433047525951,0.564387538872264
