"","Estimate","X95..CI.Lower","X95..CI.Upper","p.value"
"ACME",-0.0367689835726082,-0.126258493338222,0.0509433517322092,0.402
"ADE",0.197001572707553,0.179627630581761,0.214252234922042,0
"Total Effect",0.160232589134945,0.0732492371668391,0.251589484734333,0
"Prop. Mediated",-0.212894799409192,-1.77110607392914,0.199399151275044,0.402
