"","Estimate","X95..CI.Lower","X95..CI.Upper","p.value"
"ACME",0.660957717484576,0.583184817956586,0.74615676477479,0
"ADE",0.322067912371803,0.304144018797559,0.339995450077973,0
"Total Effect",0.983025629856379,0.903128559601598,1.06776566607309,0
"Prop. Mediated",0.67219919240054,0.642936577918149,0.700298133403567,0
