"","Estimate","X95..CI.Lower","X95..CI.Upper","p.value"
"ACME",0.754218324174627,0.664840304025439,0.840465169269777,0
"ADE",0.158425958619933,0.138474177045688,0.176340031793541,0
"Total Effect",0.91264428279456,0.82302944536508,1.0011718088248,0
"Prop. Mediated",0.82635907472043,0.801858518499141,0.849537801379815,0
