"","Estimate","Std..Error","t.value","Pr...t.."
"GRFB",-0.831720500510182,0.0452106507180237,-18.3965611487783,6.09489029791567e-70
"GRFW",-0.877887608050844,0.0335706262235685,-26.1504686330372,7.14798183004178e-130
"GRMB",0.111668200947037,0.0335706262235686,3.3263663359559,0.000895817052377378
"GRMW",-0.00663126394362523,0.0262021996284809,-0.253080429797858,0.80023212319491
