"","Estimate","Std..Error","t.value","Pr...t.."
"X",0.798687972417564,0.00365606395200211,218.45568975351,0
"GRFB",-0.319539031448949,0.0079862939588845,-40.0109278589066,1.60477312556521e-257
"GRFW",-0.122320465958471,0.00635372226642412,-19.2517804256045,6.82578314451248e-76
"GRMB",-0.160802022039851,0.00549862261831163,-29.2440549573896,9.23555462169568e-157
"GRMW",0.00239304676534358,0.00427995074787021,0.559129510201586,0.576136094119687
